id|title|year|url|thumb_image|cover_image|status
272392|Dave Brubeck - We're All Together Again For The First Time|1973|/master/272392-Dave-Brubeck-Were-All-Together-Again-For-The-First-Time|https://i.discogs.com/OhLLWV9td-_k1ug-ePD_loB6Q_Rp6lDrc--rIY6_lsI/rs:fit/g:sm/q:40/h:150/w:150/czM6Ly9kaXNjb2dz/LWRhdGFiYXNlLWlt/YWdlcy9SLTE2ODY4/NTYtMTMyOTMwMTY3/MS5qcGVn.jpeg|https://i.discogs.com/hdJNuchQkFaXCHfi8Xmz3x9SQfgd8djtC9lAmDN6gGA/rs:fit/g:sm/q:90/h:599/w:600/czM6Ly9kaXNjb2dz/LWRhdGFiYXNlLWlt/YWdlcy9SLTE2ODY4/NTYtMTMyOTMwMTY3/MS5qcGVn.jpeg|ok
72372|Freddie Hubbard - Hub Cap|1961|/master/72372-Freddie-Hubbard-Hub-Cap|https://i.discogs.com/XTBU0jw0jeMbqj4miKIMB9W0oDbBry8Ezx7D21Ng-cc/rs:fit/g:sm/q:40/h:150/w:150/czM6Ly9kaXNjb2dz/LWRhdGFiYXNlLWlt/YWdlcy9SLTMzOTUy/MjAtMTMyODczMDgx/My5qcGVn.jpeg|https://i.discogs.com/6I4NbKco8BOMBFv_tAtP-Fj1RYO3KAt5tvqF3wGb5b4/rs:fit/g:sm/q:90/h:600/w:600/czM6Ly9kaXNjb2dz/LWRhdGFiYXNlLWlt/YWdlcy9SLTMzOTUy/MjAtMTMyODczMDgx/My5qcGVn.jpeg|ok
269219|Clifford Brown - Clifford Brown With Strings|1955|/master/269219-Clifford-Brown-Clifford-Brown-With-Strings|https://i.discogs.com/mwC8ZJcgJ0r8-LCE-YqnmR3Htw7B-kJKEcoR_boaQOk/rs:fit/g:sm/q:40/h:150/w:150/czM6Ly9kaXNjb2dz/LWRhdGFiYXNlLWlt/YWdlcy9SLTI3Mjcx/NDYtMTYyNzQyMzEy/OC02NjAyLmpwZWc.jpeg|https://i.discogs.com/a_fknpjxv-rvbB1SSjFZDzG1IWanYvhuYVp2vM3qe4Q/rs:fit/g:sm/q:90/h:600/w:600/czM6Ly9kaXNjb2dz/LWRhdGFiYXNlLWlt/YWdlcy9SLTI3Mjcx/NDYtMTYyNzQyMzEy/OC02NjAyLmpwZWc.jpeg|ok
178116|Milt Jackson, Frank Wess, Kenny Clarke, Hank Jones, Eddie Jones - Opus De Jazz|1955|/master/178116-Milt-Jackson-Frank-Wess-Kenny-Clarke-Hank-Jones-Eddie-Jones-Opus-De-Jazz|https://i.discogs.com/mVOhsqj5CJHMyjrpgQZYweRPLYuXXVyjYKBYtyPAEyI/rs:fit/g:sm/q:40/h:150/w:150/czM6Ly9kaXNjb2dz/LWRhdGFiYXNlLWlt/YWdlcy9SLTM3NjUx/MDMtMTM0MzUwMTI5/NS01NTU0LmpwZWc.jpeg|https://i.discogs.com/HcOqdqIwMD8TJLB482xPjHAFDJmz1fX6GowC3fpf7nM/rs:fit/g:sm/q:90/h:320/w:318/czM6Ly9kaXNjb2dz/LWRhdGFiYXNlLWlt/YWdlcy9SLTM3NjUx/MDMtMTM0MzUwMTI5/NS01NTU0LmpwZWc.jpeg|ok
332128|Joe Pass - Intercontinental|1971|/master/332128-Joe-Pass-Intercontinental|https://i.discogs.com/UH3MLaK8Z1C2lof14Mw4-qWfIGOU8v6f42NmCzYtZFc/rs:fit/g:sm/q:40/h:150/w:150/czM6Ly9kaXNjb2dz/LWRhdGFiYXNlLWlt/YWdlcy9SLTMxOTEy/NTgtMTMxOTgyMTkw/MC5qcGVn.jpeg|https://i.discogs.com/vND_AXBiv_a6gMYunW1NV18FxbXJLlScjyZklFPQx8U/rs:fit/g:sm/q:90/h:600/w:591/czM6Ly9kaXNjb2dz/LWRhdGFiYXNlLWlt/YWdlcy9SLTMxOTEy/NTgtMTMxOTgyMTkw/MC5qcGVn.jpeg|ok
372610|Horace Parlan - Us Three|1960|/master/372610-Horace-Parlan-Us-Three|https://i.discogs.com/ByTcBIe0IScI6grOEzcHmdgFWz_96iK3fzgeZFj53Zc/rs:fit/g:sm/q:40/h:150/w:150/czM6Ly9kaXNjb2dz/LWRhdGFiYXNlLWlt/YWdlcy9SLTMzOTM1/MzItMTMyODY2Mzc3/NS5qcGVn.jpeg|https://i.discogs.com/zJkNj4nFlrRKYGMx59bDcyReE3dRhHKhMhmLmnPGScg/rs:fit/g:sm/q:90/h:600/w:600/czM6Ly9kaXNjb2dz/LWRhdGFiYXNlLWlt/YWdlcy9SLTMzOTM1/MzItMTMyODY2Mzc3/NS5qcGVn.jpeg|ok
260684|Dizzy Gillespie - The Champ|1956|/master/260684-Dizzy-Gillespie-The-Champ|https://i.discogs.com/8DdRUO_M6UF9n8-A4tjir_4ot64NoI7RSbiFb1j4bNg/rs:fit/g:sm/q:40/h:150/w:150/czM6Ly9kaXNjb2dz/LWRhdGFiYXNlLWlt/YWdlcy9SLTY2NjI2/NTMtMTU3OTE4MTM3/NS0yODc1LmpwZWc.jpeg|https://i.discogs.com/dr5KSV1as2qnq-ZBitvvSqtMAi9wLPhgdueVcePkXrQ/rs:fit/g:sm/q:90/h:600/w:600/czM6Ly9kaXNjb2dz/LWRhdGFiYXNlLWlt/YWdlcy9SLTY2NjI2/NTMtMTU3OTE4MTM3/NS0yODc1LmpwZWc.jpeg|compilation
533324|The Dave Brubeck Quartet - Brubeck On Campus|1972|/master/533324-The-Dave-Brubeck-Quartet-Brubeck-On-Campus|https://i.discogs.com/Doq78Ih7RT8rKPrNscKCoNAFXdWE6yqbPe2MwbHpQhA/rs:fit/g:sm/q:40/h:150/w:150/czM6Ly9kaXNjb2dz/LWRhdGFiYXNlLWlt/YWdlcy9SLTE2OTY1/OTYtMTUzMTA1OTEy/MS04ODE4LmpwZWc.jpeg|https://i.discogs.com/mrdZi8w06q5y9-ZzSgRndAI0gIyyhmgo_UX0wg2iIPY/rs:fit/g:sm/q:90/h:603/w:600/czM6Ly9kaXNjb2dz/LWRhdGFiYXNlLWlt/YWdlcy9SLTE2OTY1/OTYtMTUzMTA1OTEy/MS04ODE4LmpwZWc.jpeg|compilation
345035|Gene Ammons - Hi Fidelity Jam Session|1956|/master/345035-Gene-Ammons-Hi-Fidelity-Jam-Session|https://i.discogs.com/VNxcBmCkC-BG8vi_9Lk0yTiGUShjbVIdQciV3APEyOE/rs:fit/g:sm/q:40/h:150/w:150/czM6Ly9kaXNjb2dz/LWRhdGFiYXNlLWlt/YWdlcy9SLTIyNTQ0/MjktMTMxNjc4NzI4/NS5qcGVn.jpeg|https://i.discogs.com/Jm8nz8SiHxUpJUV4FKvfZdeYA1g-jXoxG-gsuOhYxhI/rs:fit/g:sm/q:90/h:600/w:600/czM6Ly9kaXNjb2dz/LWRhdGFiYXNlLWlt/YWdlcy9SLTIyNTQ0/MjktMTMxNjc4NzI4/NS5qcGVn.jpeg|ok
375150|Oscar Peterson - The History Of An Artist|1974|/master/375150-Oscar-Peterson-The-History-Of-An-Artist|https://i.discogs.com/47HYRF9nT6PNuNrjw_a6RwG3pYJrpZbh5MWF8BOvpD8/rs:fit/g:sm/q:40/h:150/w:150/czM6Ly9kaXNjb2dz/LWRhdGFiYXNlLWlt/YWdlcy9SLTk3ODU3/NzYtMTQ4NjMwMTA0/MC05MjM0LmpwZWc.jpeg|https://i.discogs.com/e_6qUrPrdae1gVKgKDvqJ3aJSPQoH5zTSpmRXk-EREo/rs:fit/g:sm/q:90/h:587/w:600/czM6Ly9kaXNjb2dz/LWRhdGFiYXNlLWlt/YWdlcy9SLTk3ODU3/NzYtMTQ4NjMwMTA0/MC05MjM0LmpwZWc.jpeg|no-credit
470319|Charlie Parker - The Verve Years (1950-51)|1978|/master/470319-Charlie-Parker-The-Verve-Years-1950-51|https://i.discogs.com/JPidTpzRdTP2ZXDQ4kOqeC4SrGLQenxdlbFmGWFkfkk/rs:fit/g:sm/q:40/h:150/w:150/czM6Ly9kaXNjb2dz/LWRhdGFiYXNlLWlt/YWdlcy9SLTE1ODc3/MjMtMTMyOTIzNTQz/NC5qcGVn.jpeg|https://i.discogs.com/GE-ku_kuWRUVTrRp9Uv2M02tv6WrCVchWp0wf3zqnuo/rs:fit/g:sm/q:90/h:474/w:479/czM6Ly9kaXNjb2dz/LWRhdGFiYXNlLWlt/YWdlcy9SLTE1ODc3/MjMtMTMyOTIzNTQz/NC5qcGVn.jpeg|compilation
456454|Dizzy Gillespie - Dizzy Gillespie|undefined|/master/456454-Dizzy-Gillespie-Dizzy-Gillespie|https://i.discogs.com/bNxaUbYWfaOghR7-L0SNVutcWRfO2EYWrV8VU5fI0Jw/rs:fit/g:sm/q:40/h:150/w:150/czM6Ly9kaXNjb2dz/LWRhdGFiYXNlLWlt/YWdlcy9SLTEwNTgw/OTItMTE4OTIxMDIx/My5qcGVn.jpeg|https://i.discogs.com/64CQskwV9ZOGiQiDRn-pxeYfkikB_F2cHNu3FgD5sec/rs:fit/g:sm/q:90/h:599/w:600/czM6Ly9kaXNjb2dz/LWRhdGFiYXNlLWlt/YWdlcy9SLTEwNTgw/OTItMTE4OTIxMDIx/My5qcGVn.jpeg|compilation
478942|Phil Woods Quartet* - Woodlore|1956|/master/478942-Phil-Woods-Quartet-Woodlore|https://i.discogs.com/TAVv_EnKlUho0BJZYXrMpUld-Q-56pjC1ffPoMQmjZI/rs:fit/g:sm/q:40/h:150/w:150/czM6Ly9kaXNjb2dz/LWRhdGFiYXNlLWlt/YWdlcy9SLTMxNjUx/NTgtMTU2NjIzMTI5/OS0zNTcxLmpwZWc.jpeg|https://i.discogs.com/aJNIpCpUbq0WSXJOXwoDMF1ddxHpDwcpBR0u_-A856A/rs:fit/g:sm/q:90/h:602/w:600/czM6Ly9kaXNjb2dz/LWRhdGFiYXNlLWlt/YWdlcy9SLTMxNjUx/NTgtMTU2NjIzMTI5/OS0zNTcxLmpwZWc.jpeg|ok
563813|Jazz At The Philharmonic - Bird And Pres: The '46 Concerts|1977|/master/563813-Jazz-At-The-Philharmonic-Bird-And-Pres-The-46-Concerts|https://i.discogs.com/XilZksSsO4qCjWfGkax0nKnlUe2YnrXfZUq2oVCl7ZI/rs:fit/g:sm/q:40/h:150/w:150/czM6Ly9kaXNjb2dz/LWRhdGFiYXNlLWlt/YWdlcy9SLTI4MDI3/MjEtMTMwMTcwMzM3/OS5qcGVn.jpeg|https://i.discogs.com/Zd45oQJFm9LSJ2VrPypbiDPmD8F3ZG1ol9k2Ig0jJyM/rs:fit/g:sm/q:90/h:492/w:500/czM6Ly9kaXNjb2dz/LWRhdGFiYXNlLWlt/YWdlcy9SLTI4MDI3/MjEtMTMwMTcwMzM3/OS5qcGVn.jpeg|compilation
358601|Art Pepper - Thursday Night At The Village Vanguard|1979|/Art-Pepper-Thursday-Night-At-The-Village-Vanguard/master/358601|https://i.discogs.com/fseNJHQa-M6aQVavU3cZaEx47jKAHxjq7ZMRyMDjfAc/rs:fit/g:sm/q:40/h:150/w:150/czM6Ly9kaXNjb2dz/LWRhdGFiYXNlLWlt/YWdlcy9SLTI2Nzg0/NjAtMTI5NjIyNTM1/Ni5qcGVn.jpeg|https://i.discogs.com/9QvBtU4puhQ2t9nSVavAAuFpopmfF4zLl1_FfREGko4/rs:fit/g:sm/q:90/h:597/w:600/czM6Ly9kaXNjb2dz/LWRhdGFiYXNlLWlt/YWdlcy9SLTI2Nzg0/NjAtMTI5NjIyNTM1/Ni5qcGVn.jpeg|ok
360943|Wynton Kelly - New Faces–New Sounds|1953|/master/360943-Wynton-Kelly-New-FacesNew-Sounds|https://i.discogs.com/sLpZVHx1yudI7xJjzBejE59QdWGPn6T-2g8hyKA8cmM/rs:fit/g:sm/q:40/h:150/w:150/czM6Ly9kaXNjb2dz/LWRhdGFiYXNlLWlt/YWdlcy9SLTM5OTg2/MjgtMTUyMTk0Njgx/My03OTQ3LmpwZWc.jpeg|https://i.discogs.com/9YvO3E5JM6xvvYSNmMI3KdorI1gNAX0kcUF0tIagJbI/rs:fit/g:sm/q:90/h:599/w:600/czM6Ly9kaXNjb2dz/LWRhdGFiYXNlLWlt/YWdlcy9SLTM5OTg2/MjgtMTUyMTk0Njgx/My03OTQ3LmpwZWc.jpeg|ok
467193|Gene Ammons All Stars* - Jammin' With Gene|1956|/master/467193-Gene-Ammons-All-Stars-Jammin-With-Gene|https://i.discogs.com/i4bz-Z2VtQYUTz_o2EQX9dYfDEtcxnrZ-xS--FI3y7I/rs:fit/g:sm/q:40/h:150/w:150/czM6Ly9kaXNjb2dz/LWRhdGFiYXNlLWlt/YWdlcy9SLTEzMTAy/ODk1LTE1NDgwOTg5/MjEtNTQwNC5qcGVn.jpeg|https://i.discogs.com/X9qtLZXjA77oFgEa5iStrvg9LRo6kbAZBKrDLZU0Oag/rs:fit/g:sm/q:90/h:597/w:600/czM6Ly9kaXNjb2dz/LWRhdGFiYXNlLWlt/YWdlcy9SLTEzMTAy/ODk1LTE1NDgwOTg5/MjEtNTQwNC5qcGVn.jpeg|ok
338632|Bud Powell - Blues For Bouffémont |1966|/master/338632-Bud-Powell-Blues-For-Bouff%C3%A9mont-|https://i.discogs.com/_UFmcmnXSmatMmaAn4ugGORW86J92Pm1qX6RYR2pt5Q/rs:fit/g:sm/q:40/h:150/w:150/czM6Ly9kaXNjb2dz/LWRhdGFiYXNlLWlt/YWdlcy9SLTQ2OTAx/NzYtMTM3MjM0MDM3/My04NTc1LmpwZWc.jpeg|https://i.discogs.com/SHe2Em-nPMkM9UCuSEW58aBuldh-UzQUc-FGTX7b_Ks/rs:fit/g:sm/q:90/h:300/w:299/czM6Ly9kaXNjb2dz/LWRhdGFiYXNlLWlt/YWdlcy9SLTQ2OTAx/NzYtMTM3MjM0MDM3/My04NTc1LmpwZWc.jpeg|ok
159690|Betty Carter - The Audience With Betty Carter|1980|/master/159690-Betty-Carter-The-Audience-With-Betty-Carter|https://i.discogs.com/YAxGy5Wx6Ka9gpIeu5Yn_IvC3_sLB24zGYa5h__vyPI/rs:fit/g:sm/q:40/h:150/w:150/czM6Ly9kaXNjb2dz/LWRhdGFiYXNlLWlt/YWdlcy9SLTE3NTc0/NzYtMTI3ODUyMzEx/NS5qcGVn.jpeg|https://i.discogs.com/SeYLJgpdORwCiBe1LS_GxByLwSAWUxu6ybv08WCXrF0/rs:fit/g:sm/q:90/h:596/w:600/czM6Ly9kaXNjb2dz/LWRhdGFiYXNlLWlt/YWdlcy9SLTE3NTc0/NzYtMTI3ODUyMzEx/NS5qcGVn.jpeg|ok
956194|J. J. Johnson* And Kai Winding - Jay And Kai|1957|/master/956194-J-J-Johnson-And-Kai-Winding-Jay-And-Kai|https://i.discogs.com/yCso5OOswgmfKdrw_AfeaV-T-CCC7X3Uyuh8MPr8Ah0/rs:fit/g:sm/q:40/h:150/w:150/czM6Ly9kaXNjb2dz/LWRhdGFiYXNlLWlt/YWdlcy9SLTI5NzYw/MjUtMTQ5MDQ5Njc5/OC00OTk0LmpwZWc.jpeg|https://i.discogs.com/_d2p5JSmeI5ZZZ5kxCyQSwbD6wFBeZ2QCt9Kym6uhqY/rs:fit/g:sm/q:90/h:599/w:600/czM6Ly9kaXNjb2dz/LWRhdGFiYXNlLWlt/YWdlcy9SLTI5NzYw/MjUtMTQ5MDQ5Njc5/OC00OTk0LmpwZWc.jpeg|ok
398685|Charlie Parker - The Charlie Parker Story #1|1957|/master/398685-Charlie-Parker-The-Charlie-Parker-Story-1|https://i.discogs.com/KyEVe9VR-PA71dRmZ7LzwaiN8qHkT8j-r512R126i5c/rs:fit/g:sm/q:40/h:150/w:150/czM6Ly9kaXNjb2dz/LWRhdGFiYXNlLWlt/YWdlcy9SLTIzOTg5/MDctMTUxNDI0ODY4/My04NjI0LmpwZWc.jpeg|https://i.discogs.com/Egg6GD4AZX66nvdHbSUph70rCJennJw6h7cIXMgl-XA/rs:fit/g:sm/q:90/h:599/w:600/czM6Ly9kaXNjb2dz/LWRhdGFiYXNlLWlt/YWdlcy9SLTIzOTg5/MDctMTUxNDI0ODY4/My04NjI0LmpwZWc.jpeg|compilation
815978|Dizzy Gillespie - Dizzy Gillespie 1944–1946|1981|/master/815978-Dizzy-Gillespie-Dizzy-Gillespie-19441946|https://i.discogs.com/UoPjx4gFg14KTFKgOzBgoB8n9WG5yDj74l50yJQgCsY/rs:fit/g:sm/q:40/h:150/w:150/czM6Ly9kaXNjb2dz/LWRhdGFiYXNlLWlt/YWdlcy9SLTIzNDk1/OTItMTY0NzUwNjc1/OC05ODY2LmpwZWc.jpeg|https://i.discogs.com/GCx50IPrsd9frcOLggNL95FVuf1KCPppuWzlW_A0-n4/rs:fit/g:sm/q:90/h:587/w:600/czM6Ly9kaXNjb2dz/LWRhdGFiYXNlLWlt/YWdlcy9SLTIzNDk1/OTItMTY0NzUwNjc1/OC05ODY2LmpwZWc.jpeg|compilation
273390|Lee Konitz Meets Jimmy Giuffre - Lee Konitz Meets Jimmy Giuffre|1959|/master/273390-Lee-Konitz-Meets-Jimmy-Giuffre-Lee-Konitz-Meets-Jimmy-Giuffre|https://i.discogs.com/4s4rtx6byRnPL3ViCT-bCmE-D8ANYxaqm7Naau2X9c8/rs:fit/g:sm/q:40/h:150/w:150/czM6Ly9kaXNjb2dz/LWRhdGFiYXNlLWlt/YWdlcy9SLTMyNjc5/MjEtMTUxNTM2MDE2/NC01MDY5LmpwZWc.jpeg|https://i.discogs.com/w50EMqtl6dJlVonOp5i9NIcrtnq_H5raKShKHXaJFmc/rs:fit/g:sm/q:90/h:597/w:600/czM6Ly9kaXNjb2dz/LWRhdGFiYXNlLWlt/YWdlcy9SLTMyNjc5/MjEtMTUxNTM2MDE2/NC01MDY5LmpwZWc.jpeg|ok
480039|Dizzy Gillespie - In The Beginning|1973|/Dizzy-Gillespie-In-The-Beginning/master/480039|https://i.discogs.com/_TaO9AC8LEoCsBf6L7ADfJsUR1Xw-iETuW4RVmjE7LY/rs:fit/g:sm/q:40/h:150/w:150/czM6Ly9kaXNjb2dz/LWRhdGFiYXNlLWlt/YWdlcy9SLTM4NTY0/NTMtMTQxNDk1NDQ0/OS04Njk4LmpwZWc.jpeg|https://i.discogs.com/2bIsONu_D96H-QrTa0AHAqeUpXxnDAjzJuA5zI6wnKQ/rs:fit/g:sm/q:90/h:600/w:596/czM6Ly9kaXNjb2dz/LWRhdGFiYXNlLWlt/YWdlcy9SLTM4NTY0/NTMtMTQxNDk1NDQ0/OS04Njk4LmpwZWc.jpeg|compilation
602727|Mongo Santamaria With Dizzy Gillespie And Toots Thielemans - "Summertime" - Digital At Montreux 1980|1981|/Mongo-Santamaria-With-Dizzy-Gillespie-And-Toots-Thielemans-Summertime-Digital-At-Montreux-1980/master/602727|https://i.discogs.com/6zPiJceFEPR6nPFtcRK7PG1jMdvh6OV6VohPhF5Bg8E/rs:fit/g:sm/q:40/h:150/w:150/czM6Ly9kaXNjb2dz/LWRhdGFiYXNlLWlt/YWdlcy9SLTIzODcy/MzMtMTI4MTA2MDU4/MC5qcGVn.jpeg|https://i.discogs.com/kCrphy4dDIVst1LcSl0x3zl_d88loxc9wf7Ft__VWi4/rs:fit/g:sm/q:90/h:610/w:600/czM6Ly9kaXNjb2dz/LWRhdGFiYXNlLWlt/YWdlcy9SLTIzODcy/MzMtMTI4MTA2MDU4/MC5qcGVn.jpeg|ok
484380|Tommy Flanagan 3* - Montreux '77|1977|/master/484380-Tommy-Flanagan-3-Montreux-77|https://i.discogs.com/gNGUuzoWB7N3rwI2oHCiGAlR1hcS7fOTUkfZKME4i0c/rs:fit/g:sm/q:40/h:150/w:150/czM6Ly9kaXNjb2dz/LWRhdGFiYXNlLWlt/YWdlcy9SLTM1NDAz/OTctMTM1ODg0MjYy/MS01OTUzLmpwZWc.jpeg|https://i.discogs.com/CALAXcpq5Eiv8ID-NWNTTppGPZnscDtu0J-fDJcvinc/rs:fit/g:sm/q:90/h:482/w:500/czM6Ly9kaXNjb2dz/LWRhdGFiYXNlLWlt/YWdlcy9SLTM1NDAz/OTctMTM1ODg0MjYy/MS01OTUzLmpwZWc.jpeg|ok
700916|Red Rodney - 1957|1957|/master/700916-Red-Rodney-1957|https://i.discogs.com/v_i7VPfpUcAs1AoDD260eoYwb0953CeUjWocfYg7UoE/rs:fit/g:sm/q:40/h:150/w:150/czM6Ly9kaXNjb2dz/LWRhdGFiYXNlLWlt/YWdlcy9SLTU3NjUx/NzUtMTUyMjc1NTU4/My00NTk1LmpwZWc.jpeg|https://i.discogs.com/EKoFHhGZDVx1BWGBsaENlT46xQ4X4rpFV2JkDXryR_A/rs:fit/g:sm/q:90/h:590/w:600/czM6Ly9kaXNjb2dz/LWRhdGFiYXNlLWlt/YWdlcy9SLTU3NjUx/NzUtMTUyMjc1NTU4/My00NTk1LmpwZWc.jpeg|ok
544618|J.J. Johnson's Jazz Quintets* - J.J. Johnson's Jazz Quintets|1961|/master/544618-JJ-Johnsons-Jazz-Quintets-JJ-Johnsons-Jazz-Quintets|https://i.discogs.com/2bBLF8dCwQBJxMdNF-ZA2qbxOU3zbKOjQbEcl0c8wzc/rs:fit/g:sm/q:40/h:150/w:150/czM6Ly9kaXNjb2dz/LWRhdGFiYXNlLWlt/YWdlcy9SLTEzMTMz/NTU5LTE1NDg2Mjky/NDctMjQwMy5qcGVn.jpeg|https://i.discogs.com/bovsNWi3jxQbkCFcTJ8psFi5AamZTjKNlSGk-I87vsc/rs:fit/g:sm/q:90/h:599/w:600/czM6Ly9kaXNjb2dz/LWRhdGFiYXNlLWlt/YWdlcy9SLTEzMTMz/NTU5LTE1NDg2Mjky/NDctMjQwMy5qcGVn.jpeg|ok
313571|Duke Jordan and Sadik Hakim - East And West Of Jazz|1962|/master/313571-Duke-Jordan-and-Sadik-Hakim-East-And-West-Of-Jazz|https://i.discogs.com/goIhDfY6SAd98nwva94keWtAox4qAcWhApkWovXo6c8/rs:fit/g:sm/q:40/h:150/w:150/czM6Ly9kaXNjb2dz/LWRhdGFiYXNlLWlt/YWdlcy9SLTIyMjE5/MTktMTU1NDQwMDE5/My05ODA1LmpwZWc.jpeg|https://i.discogs.com/6SSkb_LCIKkhGvVRKpJLOr1Hb3Mzqip-audMhGcY68E/rs:fit/g:sm/q:90/h:431/w:600/czM6Ly9kaXNjb2dz/LWRhdGFiYXNlLWlt/YWdlcy9SLTIyMjE5/MTktMTU1NDQwMDE5/My05ODA1LmpwZWc.jpeg|ok
736755|J.J. Johnson - Concepts In Blue|1981|/master/736755-JJ-Johnson-Concepts-In-Blue|https://i.discogs.com/e421OJ6KJcODzDMR6QF9ecjqCyrVMCuowtgVuoX68j0/rs:fit/g:sm/q:40/h:150/w:150/czM6Ly9kaXNjb2dz/LWRhdGFiYXNlLWlt/YWdlcy9SLTQwMzMx/NjUtMTM1MzAwNTM0/Ny0zNjQzLmpwZWc.jpeg|https://i.discogs.com/KcGYm1ARXizc4ccCoABF-l72CnaA486fK9sO1Ga1rrY/rs:fit/g:sm/q:90/h:600/w:596/czM6Ly9kaXNjb2dz/LWRhdGFiYXNlLWlt/YWdlcy9SLTQwMzMx/NjUtMTM1MzAwNTM0/Ny0zNjQzLmpwZWc.jpeg|ok
543225|Max Roach Quintet - The Many Sides Of Max|1964|/master/543225-Max-Roach-Quintet-The-Many-Sides-Of-Max|https://i.discogs.com/z6NmC7t_Jee1IBPTw5MPc0GGm8eJAh4opQX6-b2_ERk/rs:fit/g:sm/q:40/h:150/w:150/czM6Ly9kaXNjb2dz/LWRhdGFiYXNlLWlt/YWdlcy9SLTYwMjA2/MjctMTU5NjMyMTg1/MS03MTE3LmpwZWc.jpeg|https://i.discogs.com/7MUPUGT-DJ4Zas812Y7pIyYIIXyg0r5uGQiOZVKwYzI/rs:fit/g:sm/q:90/h:600/w:600/czM6Ly9kaXNjb2dz/LWRhdGFiYXNlLWlt/YWdlcy9SLTYwMjA2/MjctMTU5NjMyMTg1/MS03MTE3LmpwZWc.jpeg|ok
611608|Charlie Parker - All Stars, Quintet & Sextet Volume 2|1978|/master/611608-Charlie-Parker-All-Stars-Quintet-Sextet-Volume-2|https://i.discogs.com/u0TrjMyIXbuyacOTdOXZx7VmYfcgoyzkAnOTFZF_4dQ/rs:fit/g:sm/q:40/h:150/w:150/czM6Ly9kaXNjb2dz/LWRhdGFiYXNlLWlt/YWdlcy9SLTYwNjY2/NzgtMTUyNTQyODA3/Ny00Mzg1LmpwZWc.jpeg|https://i.discogs.com/y6yaLc3aDeiBZ6j41mzO9c86TKEsGszX69rA0JTetek/rs:fit/g:sm/q:90/h:608/w:600/czM6Ly9kaXNjb2dz/LWRhdGFiYXNlLWlt/YWdlcy9SLTYwNjY2/NzgtMTUyNTQyODA3/Ny00Mzg1LmpwZWc.jpeg|compilation
393939|Larry Young - Groove Street|1962|/master/393939-Larry-Young-Groove-Street|https://i.discogs.com/CzxBpMa3BjV1PAqClhZI_lgT5dt1gKRbFtZ2PYPjKGI/rs:fit/g:sm/q:40/h:150/w:150/czM6Ly9kaXNjb2dz/LWRhdGFiYXNlLWlt/YWdlcy9SLTMyMzU1/MzUtMTMyNDc0MzU3/NS5qcGVn.jpeg|https://i.discogs.com/6f2YkhIWMuu1kyJ5FnJaNMLGFgTXP1BA_qUYd-gE-F8/rs:fit/g:sm/q:90/h:560/w:563/czM6Ly9kaXNjb2dz/LWRhdGFiYXNlLWlt/YWdlcy9SLTMyMzU1/MzUtMTMyNDc0MzU3/NS5qcGVn.jpeg|ok
606332|Charlie Parker - The Essential Charlie Parker|1992|/master/606332-Charlie-Parker-The-Essential-Charlie-Parker|https://i.discogs.com/dHhzU_5BOEGi4UzzDTDXGPsKUsRDZqlv45ALOsfrVBs/rs:fit/g:sm/q:40/h:150/w:150/czM6Ly9kaXNjb2dz/LWRhdGFiYXNlLWlt/YWdlcy9SLTI1Nzk4/NTAtMTU4ODA0Nzcy/My04NTg1LmpwZWc.jpeg|https://i.discogs.com/iXO4dmx9IlyYnlxrg1crknbKeLsjiRlrQFt3gISVFLo/rs:fit/g:sm/q:90/h:593/w:600/czM6Ly9kaXNjb2dz/LWRhdGFiYXNlLWlt/YWdlcy9SLTI1Nzk4/NTAtMTU4ODA0Nzcy/My04NTg1LmpwZWc.jpeg|compilation
377768|The Phineas Newborn Trio* - Look Out - Phineas Is Back!|1978|/master/377768-The-Phineas-Newborn-Trio-Look-Out-Phineas-Is-Back|https://i.discogs.com/UbgzgxRzwkkuHtWMYOmypV0dy9myk9w7RVChIGdGQSw/rs:fit/g:sm/q:40/h:150/w:150/czM6Ly9kaXNjb2dz/LWRhdGFiYXNlLWlt/YWdlcy9SLTM2NDQz/NDYtMTM0MDU0ODAw/Ni0yODA0LmpwZWc.jpeg|https://i.discogs.com/JQSkr_xJDO1_QYjuf5UpfEy-D78A8c76T7VBYLElntU/rs:fit/g:sm/q:90/h:547/w:550/czM6Ly9kaXNjb2dz/LWRhdGFiYXNlLWlt/YWdlcy9SLTM2NDQz/NDYtMTM0MDU0ODAw/Ni0yODA0LmpwZWc.jpeg|ok
526737|J.J. Johnson - The Trombone Master|1989|/master/526737-JJ-Johnson-The-Trombone-Master|https://i.discogs.com/vhe6KI-xy0WNhs2DtsyN2pzv2cQrNc1dU-l5resF19Q/rs:fit/g:sm/q:40/h:150/w:150/czM6Ly9kaXNjb2dz/LWRhdGFiYXNlLWlt/YWdlcy9SLTM3Njkz/MTktMTM0MzY2NTUw/NS02MzM5LmpwZWc.jpeg|https://i.discogs.com/CSXj9-LQcfLr-YlugC7HcSCzsExU9O2rC0pYSjLcrBc/rs:fit/g:sm/q:90/h:594/w:600/czM6Ly9kaXNjb2dz/LWRhdGFiYXNlLWlt/YWdlcy9SLTM3Njkz/MTktMTM0MzY2NTUw/NS02MzM5LmpwZWc.jpeg|compilation
387427|Freddie Hubbard - Reevaluation: The Impulse Years|undefined|/master/387427-Freddie-Hubbard-Reevaluation-The-Impulse-Years|https://i.discogs.com/cOHb-d2HEYjXxVy4ZwFN6BzW3NRzcn_u5BYltB8bLrQ/rs:fit/g:sm/q:40/h:150/w:150/czM6Ly9kaXNjb2dz/LWRhdGFiYXNlLWlt/YWdlcy9SLTMyNDU3/NDktMTMyMjE2NzE4/NS5qcGVn.jpeg|https://i.discogs.com/EdeCyRYJ1l20uUGbl4yGUZNrDDj4zX_rXY39rIKutQU/rs:fit/g:sm/q:90/h:600/w:596/czM6Ly9kaXNjb2dz/LWRhdGFiYXNlLWlt/YWdlcy9SLTMyNDU3/NDktMTMyMjE2NzE4/NS5qcGVn.jpeg|compilation
239686|Milt Jackson - Bebop|1988|/Milt-Jackson-Bebop/master/239686|https://i.discogs.com/VqGHm-JPJiCI-vUtlHRygzUKTf7yGokU05CQY3o2N-0/rs:fit/g:sm/q:40/h:150/w:150/czM6Ly9kaXNjb2dz/LWRhdGFiYXNlLWlt/YWdlcy9SLTIyMDYz/NDItMTUzNDQ4MzI5/OC04Nzc4LmpwZWc.jpeg|https://i.discogs.com/PUA8htS3WNjZeP_0Ht1_u62ao0LfWfEtKvlTs09FlbU/rs:fit/g:sm/q:90/h:582/w:600/czM6Ly9kaXNjb2dz/LWRhdGFiYXNlLWlt/YWdlcy9SLTIyMDYz/NDItMTUzNDQ4MzI5/OC04Nzc4LmpwZWc.jpeg|ok
537812|John Haley Sims*, Harry Sweets Edison* - Just Friends|1980|/master/537812-John-Haley-Sims-Harry-Sweets-Edison-Just-Friends|https://i.discogs.com/65OSqZ0LHLJw8G-TFcHRdW_Lose13Vhx3xDOA6JxQVg/rs:fit/g:sm/q:40/h:150/w:150/czM6Ly9kaXNjb2dz/LWRhdGFiYXNlLWlt/YWdlcy9SLTQwNDg2/NjUtMTU2ODAxNjMx/Ni01Mjg2LmpwZWc.jpeg|https://i.discogs.com/iFum9kKnEm-kddfE7DBRH3_Sq7eN2PE_unIRJAsj-DI/rs:fit/g:sm/q:90/h:599/w:600/czM6Ly9kaXNjb2dz/LWRhdGFiYXNlLWlt/YWdlcy9SLTQwNDg2/NjUtMTU2ODAxNjMx/Ni01Mjg2LmpwZWc.jpeg|ok
359944|Sonny Stitt With The New Yorkers (4) - Sonny Stitt With The New Yorkers|1957|/master/359944-Sonny-Stitt-With-The-New-Yorkers-Sonny-Stitt-With-The-New-Yorkers|https://i.discogs.com/b-cM5KHudD5uGwmczRlUeOg51mjCj24iSuwCnU6rX9k/rs:fit/g:sm/q:40/h:150/w:150/czM6Ly9kaXNjb2dz/LWRhdGFiYXNlLWlt/YWdlcy9SLTI0NTg1/NDktMTI4NTE4Njc5/My5qcGVn.jpeg|https://i.discogs.com/EJrtbdFo1aFCkc8ajn_SJDIAKGZPrAE2egVL-6hl3JE/rs:fit/g:sm/q:90/h:600/w:597/czM6Ly9kaXNjb2dz/LWRhdGFiYXNlLWlt/YWdlcy9SLTI0NTg1/NDktMTI4NTE4Njc5/My5qcGVn.jpeg|no-credit
479954|Kenny Burrell & The Jazz Guitar Band* - Generation|1987|/master/479954-Kenny-Burrell-The-Jazz-Guitar-Band-Generation|https://i.discogs.com/f83o37kWoVlHAOYhMzBc79E5211bSod-E02b4wXRrL0/rs:fit/g:sm/q:40/h:150/w:150/czM6Ly9kaXNjb2dz/LWRhdGFiYXNlLWlt/YWdlcy9SLTczNTYz/NzUtMTQzOTY3MjMy/Ny0zMTMzLmpwZWc.jpeg|https://i.discogs.com/F1JtSXOV-hPQQYlmZZnmT5mtR0obUaTrycC9DKhvIxQ/rs:fit/g:sm/q:90/h:600/w:600/czM6Ly9kaXNjb2dz/LWRhdGFiYXNlLWlt/YWdlcy9SLTczNTYz/NzUtMTQzOTY3MjMy/Ny0zMTMzLmpwZWc.jpeg|ok
464776|Elmo Hope Trio / Elmo Hope Quintet - Elmo Hope Trio/Quintet|1983|/Elmo-Hope-Trio-Elmo-Hope-Quintet-Elmo-Hope-TrioQuintet/master/464776|https://i.discogs.com/URaQq0APcHpwvaKAmsQzpHZ5LnlP2s_NG7X5TL0lpvk/rs:fit/g:sm/q:40/h:150/w:150/czM6Ly9kaXNjb2dz/LWRhdGFiYXNlLWlt/YWdlcy9SLTMzNDk0/NzAtMTYxNDU1MDQ3/MC01ODAyLmpwZWc.jpeg|https://i.discogs.com/ywlGK0h7Sy5GeDEh2w6UZtP0ALA33aVuBTjejuRuUbI/rs:fit/g:sm/q:90/h:589/w:600/czM6Ly9kaXNjb2dz/LWRhdGFiYXNlLWlt/YWdlcy9SLTMzNDk0/NzAtMTYxNDU1MDQ3/MC01ODAyLmpwZWc.jpeg|compilation
326501|J.J. Johnson - Pinnacles|1980|/master/326501-JJ-Johnson-Pinnacles|https://i.discogs.com/rcTF7N5ChsOC_SykU_3DbJXx1wfeu6cJwrFTZK6riVk/rs:fit/g:sm/q:40/h:150/w:150/czM6Ly9kaXNjb2dz/LWRhdGFiYXNlLWlt/YWdlcy9SLTE0ODUx/OTAtMTMwMjM1Njg0/OS5qcGVn.jpeg|https://i.discogs.com/NppgmZ15dhfokoVW-IGHexRJnarIn0CZZDFldAl75F0/rs:fit/g:sm/q:90/h:600/w:600/czM6Ly9kaXNjb2dz/LWRhdGFiYXNlLWlt/YWdlcy9SLTE0ODUx/OTAtMTMwMjM1Njg0/OS5qcGVn.jpeg|ok
522997|J. J. Johnson* - J.J.'s Broadway|1963|/master/522997-J-J-Johnson-JJs-Broadway|https://i.discogs.com/-KotTKc_13zCmGOZZH2NWMLuKgPcO0n5760nE6z0N14/rs:fit/g:sm/q:40/h:150/w:150/czM6Ly9kaXNjb2dz/LWRhdGFiYXNlLWlt/YWdlcy9SLTQwNTE2/NjctMTM1MzYyMDcz/Ny05NDY4LmpwZWc.jpeg|https://i.discogs.com/ViuPgmuK_VhaaoItWaTIVv0SwDutwBaJ6Q2-aF8vb3Q/rs:fit/g:sm/q:90/h:500/w:500/czM6Ly9kaXNjb2dz/LWRhdGFiYXNlLWlt/YWdlcy9SLTQwNTE2/NjctMTM1MzYyMDcz/Ny05NDY4LmpwZWc.jpeg|ok
667329|Milt Jackson - Second Nature|1976|/Milt-Jackson-Second-Nature/master/667329|https://i.discogs.com/MwxUxy3rV9rX6xRT2FvFOe3W7X-jXrK2kUEzp5qHics/rs:fit/g:sm/q:40/h:150/w:150/czM6Ly9kaXNjb2dz/LWRhdGFiYXNlLWlt/YWdlcy9SLTE3Nzkz/NTctMTI0MjkxODc1/Ni5qcGVn.jpeg|https://i.discogs.com/bpABBn74m-sTcBXwd5RsbtImQSdstpMGuNr9G8z-OQA/rs:fit/g:sm/q:90/h:600/w:600/czM6Ly9kaXNjb2dz/LWRhdGFiYXNlLWlt/YWdlcy9SLTE3Nzkz/NTctMTI0MjkxODc1/Ni5qcGVn.jpeg|compilation
570826|Hank Jones - Just For Fun|1977|/Hank-Jones-Just-For-Fun/master/570826|https://i.discogs.com/PeUUT5Pob4OQLMNFGRWWVKeQxyIG_DP95ykFR1vVLiQ/rs:fit/g:sm/q:40/h:150/w:150/czM6Ly9kaXNjb2dz/LWRhdGFiYXNlLWlt/YWdlcy9SLTI4MjMz/MzAtMTMwMjYzNzY1/OS5qcGVn.jpeg|https://i.discogs.com/wRTTGmeFbFGD1YAKuwLeSXaOq7AY8lrNVipZSh1Yi04/rs:fit/g:sm/q:90/h:587/w:590/czM6Ly9kaXNjb2dz/LWRhdGFiYXNlLWlt/YWdlcy9SLTI4MjMz/MzAtMTMwMjYzNzY1/OS5qcGVn.jpeg|ok
640942|Ben Webster And The Frans Wieringa Trio - Ben Webster At Ease|1969|/master/640942-Ben-Webster-And-The-Frans-Wieringa-Trio-Ben-Webster-At-Ease|https://i.discogs.com/w9XIaPyCsHqbF1cimh9nwxuq9Wjt6qd9BA7wP1mQisA/rs:fit/g:sm/q:40/h:150/w:150/czM6Ly9kaXNjb2dz/LWRhdGFiYXNlLWlt/YWdlcy9SLTMwNzAy/NjEtMTQ3Njc3OTUw/NS00MjAyLmpwZWc.jpeg|https://i.discogs.com/6kQrVmtuuNiXTHAR_dDpyfvptcAfveRnNhHGt6Bjzfo/rs:fit/g:sm/q:90/h:603/w:600/czM6Ly9kaXNjb2dz/LWRhdGFiYXNlLWlt/YWdlcy9SLTMwNzAy/NjEtMTQ3Njc3OTUw/NS00MjAyLmpwZWc.jpeg|ok
497703|Sarah Vaughan - Sarah Vaughan|1987|/master/497703-Sarah-Vaughan-Sarah-Vaughan|https://i.discogs.com/beww4KKdCC1WkbOVA2Y1BxKYovrGi_RSzb371ALEGms/rs:fit/g:sm/q:40/h:150/w:150/czM6Ly9kaXNjb2dz/LWRhdGFiYXNlLWlt/YWdlcy9SLTIzMjQ0/MDctMTM4MTYxMTkz/NS05NTQ0LmpwZWc.jpeg|https://i.discogs.com/0oaHzJLoHVNJf667vanAzniLz_ElryurXyI5kIcsC7E/rs:fit/g:sm/q:90/h:600/w:600/czM6Ly9kaXNjb2dz/LWRhdGFiYXNlLWlt/YWdlcy9SLTIzMjQ0/MDctMTM4MTYxMTkz/NS05NTQ0LmpwZWc.jpeg|compilation
1056217|Phineas Newborn, Jr.* - Solo Piano|1975|/master/1056217-Phineas-Newborn-Jr-Solo-Piano|https://i.discogs.com/EMgWay6I8S7g9p5WLIFt3OeT3oGvGykcZbB_CSGEGTk/rs:fit/g:sm/q:40/h:150/w:150/czM6Ly9kaXNjb2dz/LWRhdGFiYXNlLWlt/YWdlcy9SLTQ0MDQx/OTMtMTM2Mzk4NzY1/Ni0yOTYyLmpwZWc.jpeg|https://i.discogs.com/3Qmm3S4m_9ix999Mb_vXHEJy_LEGYTurv11svn3oqcs/rs:fit/g:sm/q:90/h:593/w:600/czM6Ly9kaXNjb2dz/LWRhdGFiYXNlLWlt/YWdlcy9SLTQ0MDQx/OTMtMTM2Mzk4NzY1/Ni0yOTYyLmpwZWc.jpeg|ok
712900|Fats Navarro - Fat Girl|1977|/Fats-Navarro-Fat-Girl/master/712900|https://i.discogs.com/rIDUSYZ_OvbbeWEK1sa3_LC92BH9PgaZE0RkW4BBy20/rs:fit/g:sm/q:40/h:150/w:150/czM6Ly9kaXNjb2dz/LWRhdGFiYXNlLWlt/YWdlcy9SLTMyNDcz/NDktMTMyMzIyNjg2/Mi5qcGVn.jpeg|https://i.discogs.com/hmSY29H8BEwl4sl9Xnaz9ksALxjSHTWnzNBL0oKWbxY/rs:fit/g:sm/q:90/h:389/w:400/czM6Ly9kaXNjb2dz/LWRhdGFiYXNlLWlt/YWdlcy9SLTMyNDcz/NDktMTMyMzIyNjg2/Mi5qcGVn.jpeg|compilation
403786|John Coltrane - Like Sonny|1990|/master/403786-John-Coltrane-Like-Sonny|https://i.discogs.com/RNNVPoO5NR7s5ArQOV1RRXlF3xY6TTFOfl77itZNoAQ/rs:fit/g:sm/q:40/h:150/w:150/czM6Ly9kaXNjb2dz/LWRhdGFiYXNlLWlt/YWdlcy9SLTIyNDk1/MTQtMTI3MjI5NjQ3/My5qcGVn.jpeg|https://i.discogs.com/5N3XkS8AiGK1AuYNtd7kaksFwAa27Jl2FQRvWOrBFcY/rs:fit/g:sm/q:90/h:300/w:301/czM6Ly9kaXNjb2dz/LWRhdGFiYXNlLWlt/YWdlcy9SLTIyNDk1/MTQtMTI3MjI5NjQ3/My5qcGVn.jpeg|compilation
474479|Charlie Parker - Quintet & Sextet Volume 3|1978|/Charlie-Parker-Quintet-Sextet-Volume-3/master/474479|https://i.discogs.com/E-p_QLK4RbV54DUWt3Pp_44IcjtKjFMXJrNMfEsVGDk/rs:fit/g:sm/q:40/h:150/w:150/czM6Ly9kaXNjb2dz/LWRhdGFiYXNlLWlt/YWdlcy9SLTM5MDI5/MjMtMTUyNTQyMDAy/MS0zOTU4LmpwZWc.jpeg|https://i.discogs.com/ia4kwk4SO_NkiI0wCfpqjQW3y7PwTx7e2xJvQU8W64M/rs:fit/g:sm/q:90/h:608/w:600/czM6Ly9kaXNjb2dz/LWRhdGFiYXNlLWlt/YWdlcy9SLTM5MDI5/MjMtMTUyNTQyMDAy/MS0zOTU4LmpwZWc.jpeg|compilation
406320|Zoot Sims - Quartets|1956|/Zoot-Sims-Quartets/master/406320|https://i.discogs.com/64kGoTaRNikGrEjLvENfVT1P0GOJ9fQg8MQzL_3hkRU/rs:fit/g:sm/q:40/h:150/w:150/czM6Ly9kaXNjb2dz/LWRhdGFiYXNlLWlt/YWdlcy9SLTUwNjE1/OTUtMTM4MzQ2NTc1/Ny05Njk0LmpwZWc.jpeg|https://i.discogs.com/i-YlaH5LsABw_RS0BEGcSFRGOomujFgQCHEj_YLDO8w/rs:fit/g:sm/q:90/h:400/w:400/czM6Ly9kaXNjb2dz/LWRhdGFiYXNlLWlt/YWdlcy9SLTUwNjE1/OTUtMTM4MzQ2NTc1/Ny05Njk0LmpwZWc.jpeg|ok
979083|The Oscar Peterson Trio - Night Train Vol. 2|1966|/The-Oscar-Peterson-Trio-Night-Train-Vol-2/master/979083|https://i.discogs.com/dePHTnQ4PUrBcAQsCps0mnSXbeyIqVEbFhYiJcBp1to/rs:fit/g:sm/q:40/h:150/w:150/czM6Ly9kaXNjb2dz/LWRhdGFiYXNlLWlt/YWdlcy9SLTgzMTMw/NDMtMTQ1OTQzMzcw/MC0yODAzLmpwZWc.jpeg|https://i.discogs.com/Tczyim9y4zTxdzz1rW2aVc297zB-E55ymgLdH_wMRsk/rs:fit/g:sm/q:90/h:566/w:600/czM6Ly9kaXNjb2dz/LWRhdGFiYXNlLWlt/YWdlcy9SLTgzMTMw/NDMtMTQ1OTQzMzcw/MC0yODAzLmpwZWc.jpeg|compilation
781206|Bud Powell - The Amazing Bud Powell|1952|/master/781206-Bud-Powell-The-Amazing-Bud-Powell|https://i.discogs.com/_YYfGxZig8oZmEtq4J0eVBHjp6hL5SBAyELODuMXuks/rs:fit/g:sm/q:40/h:150/w:150/czM6Ly9kaXNjb2dz/LWRhdGFiYXNlLWlt/YWdlcy9SLTU3MjQ1/MzYtMTQzMDU1Mzcw/OS05Njc4LmpwZWc.jpeg|https://i.discogs.com/JVc0xay9U4SjCtNxP_7kvwHgwtkCJG5pfTaoCvDarhk/rs:fit/g:sm/q:90/h:400/w:400/czM6Ly9kaXNjb2dz/LWRhdGFiYXNlLWlt/YWdlcy9SLTU3MjQ1/MzYtMTQzMDU1Mzcw/OS05Njc4LmpwZWc.jpeg|ok
642120|Charles McPherson With Carmell Jones And Barry Harris (2) - Bebop Revisited!|1965|/master/642120-Charles-McPherson-With-Carmell-Jones-And-Barry-Harris-Bebop-Revisited|https://i.discogs.com/LjN11C-o92c9Y-5HrCFPQ2cGoAA5tR1XzY_G2ZEQRzo/rs:fit/g:sm/q:40/h:150/w:150/czM6Ly9kaXNjb2dz/LWRhdGFiYXNlLWlt/YWdlcy9SLTUyODg1/NjEtMTU5MTMwOTMx/NC0zMzE3LmpwZWc.jpeg|https://i.discogs.com/Ny0v_At7VDOBorOPgDCsc-XIsvyd4ZvjndLNhMsk5-8/rs:fit/g:sm/q:90/h:609/w:600/czM6Ly9kaXNjb2dz/LWRhdGFiYXNlLWlt/YWdlcy9SLTUyODg1/NjEtMTU5MTMwOTMx/NC0zMzE3LmpwZWc.jpeg|ok
360055|The Ray Brown Trio* Featuring Gene Harris & Jeff Hamilton - Bam Bam Bam|1989|/master/360055-The-Ray-Brown-Trio-Featuring-Gene-Harris-Jeff-Hamilton-Bam-Bam-Bam|https://i.discogs.com/T3cxEZYr4pShm6rAUHk1NJ0mtOOXCwe4Mkx3Bce-0BQ/rs:fit/g:sm/q:40/h:150/w:150/czM6Ly9kaXNjb2dz/LWRhdGFiYXNlLWlt/YWdlcy9SLTEwNTgx/NDktMTE4ODc4Mjkw/My5naWY.jpeg|https://i.discogs.com/_mjoYIJq6hjWNDQX_vQf2yMgMUJeHGxT1MCpNfcYD2U/rs:fit/g:sm/q:90/h:240/w:240/czM6Ly9kaXNjb2dz/LWRhdGFiYXNlLWlt/YWdlcy9SLTEwNTgx/NDktMTE4ODc4Mjkw/My5naWY.jpeg|ok
664407|Charlie Parker - Birth Of Be Bop|1985|/Charlie-Parker-Birth-Of-Be-Bop/master/664407|https://i.discogs.com/lC8j1tDQ8JMCPQNpAZuSPWWlxaHnuWQtVilG4CSCsbU/rs:fit/g:sm/q:40/h:150/w:150/czM6Ly9kaXNjb2dz/LWRhdGFiYXNlLWlt/YWdlcy9SLTY1MzIz/My0xMTQ3MTM3Mjgx/LmpwZWc.jpeg|https://i.discogs.com/iYB4r6OY8OnNzz3AvPE_z1XkfGuW0K6Hbt3JXy8fHKc/rs:fit/g:sm/q:90/h:589/w:600/czM6Ly9kaXNjb2dz/LWRhdGFiYXNlLWlt/YWdlcy9SLTY1MzIz/My0xMTQ3MTM3Mjgx/LmpwZWc.jpeg|compilation
1341588|Coleman Hawkins & Frank Wess - The Tenor Sax: Coleman Hawkins & Frank Wess|1973|/Coleman-Hawkins-Frank-Wess-The-Tenor-Sax-Coleman-Hawkins-Frank-Wess/master/1341588|https://i.discogs.com/mf1eeouPBF_4Z0-9zEbpawwYNohKumIailLrN-RMZhg/rs:fit/g:sm/q:40/h:150/w:150/czM6Ly9kaXNjb2dz/LWRhdGFiYXNlLWlt/YWdlcy9SLTMxMzk1/MTctMTM4MzM2NTg3/My0xNTgzLmpwZWc.jpeg|https://i.discogs.com/4YT7gpPJ4yL619tviw-SHm8MfjhzVO6qW9IiVBBvrCw/rs:fit/g:sm/q:90/h:600/w:593/czM6Ly9kaXNjb2dz/LWRhdGFiYXNlLWlt/YWdlcy9SLTMxMzk1/MTctMTM4MzM2NTg3/My0xNTgzLmpwZWc.jpeg|compilation
870855|Red Rodney Quintet - Modern Music From Chicago|1956|/master/870855-Red-Rodney-Quintet-Modern-Music-From-Chicago|https://i.discogs.com/q1UqNy3Vts5k-VSeJpsRgSXz9egV-W64eJLP9VEV7jA/rs:fit/g:sm/q:40/h:150/w:150/czM6Ly9kaXNjb2dz/LWRhdGFiYXNlLWlt/YWdlcy9SLTYzMjUy/ODktMTUzNzAyMTc4/MC05ODM4LmpwZWc.jpeg|https://i.discogs.com/AvOHYl5MbQwLwWicCXljqnRdMfZ3qwGKj2ef5tF2Msw/rs:fit/g:sm/q:90/h:618/w:600/czM6Ly9kaXNjb2dz/LWRhdGFiYXNlLWlt/YWdlcy9SLTYzMjUy/ODktMTUzNzAyMTc4/MC05ODM4LmpwZWc.jpeg|ok
489185|Lou Donaldson Quartet Featuring Herman Foster - 'Forgotten Man'|1981|/master/489185-Lou-Donaldson-Quartet-Featuring-Herman-Foster-Forgotten-Man|https://i.discogs.com/-JWh-0a5PaRxXJJAJbCVUlHKrssA5mdy61QcR3E1hu4/rs:fit/g:sm/q:40/h:150/w:150/czM6Ly9kaXNjb2dz/LWRhdGFiYXNlLWlt/YWdlcy9SLTI1Mzgw/NDAtMTMyMDAwOTQ2/NC5qcGVn.jpeg|https://i.discogs.com/6RNHEt59pv5C4ChyHvgePo1Yn2I8AtSFF538sRZkZFo/rs:fit/g:sm/q:90/h:600/w:588/czM6Ly9kaXNjb2dz/LWRhdGFiYXNlLWlt/YWdlcy9SLTI1Mzgw/NDAtMTMyMDAwOTQ2/NC5qcGVn.jpeg|ok
1784804|Fats Navarro - Fats Navarro|1980|/Fats-Navarro-Fats-Navarro/master/1784804|https://i.discogs.com/gaTDWiIKTk46rwInbEaay-DSOxA1qvr8BlfVeiD2koQ/rs:fit/g:sm/q:40/h:150/w:150/czM6Ly9kaXNjb2dz/LWRhdGFiYXNlLWlt/YWdlcy9SLTI5MDQ4/NjEtMTMwNjU4MDcy/MC5qcGVn.jpeg|https://i.discogs.com/8r_pHkM0liiFZuTjpwgkIpUYTTF7Jmz1WA5vWH6W_JU/rs:fit/g:sm/q:90/h:600/w:576/czM6Ly9kaXNjb2dz/LWRhdGFiYXNlLWlt/YWdlcy9SLTI5MDQ4/NjEtMTMwNjU4MDcy/MC5qcGVn.jpeg|compilation
1672408|Various - 5 Birds And A Monk|1981|/master/1672408-Various-5-Birds-And-A-Monk|https://i.discogs.com/8fj3MtkpTbkLbhVsH8jlVf2ymvNQ3-UtN3MjS4U0iqk/rs:fit/g:sm/q:40/h:150/w:150/czM6Ly9kaXNjb2dz/LWRhdGFiYXNlLWlt/YWdlcy9SLTM2NDMy/NDMtMTUwMzgyMDE1/MC03Mzg5LmpwZWc.jpeg|https://i.discogs.com/wIoJM_qRn59XAZUwwN3ffd5QPqMw4ifiixZduGW0gh4/rs:fit/g:sm/q:90/h:600/w:600/czM6Ly9kaXNjb2dz/LWRhdGFiYXNlLWlt/YWdlcy9SLTM2NDMy/NDMtMTUwMzgyMDE1/MC03Mzg5LmpwZWc.jpeg|ok
461044|Jimmy Knepper Quintet - Cunningbird|1977|/master/461044-Jimmy-Knepper-Quintet-Cunningbird|https://i.discogs.com/GXhVlhYj33_wxE_48U1gXfITXOZN_qk6uc137RjZU5M/rs:fit/g:sm/q:40/h:150/w:150/czM6Ly9kaXNjb2dz/LWRhdGFiYXNlLWlt/YWdlcy9SLTMyNDc4/NTItMTMzMjY4MzE4/MS5qcGVn.jpeg|https://i.discogs.com/lOC6PTedkt9vXvkLwGWQ8yQasOKeaMdNgJEil6f-oFU/rs:fit/g:sm/q:90/h:459/w:455/czM6Ly9kaXNjb2dz/LWRhdGFiYXNlLWlt/YWdlcy9SLTMyNDc4/NTItMTMzMjY4MzE4/MS5qcGVn.jpeg|ok
538759|George Wallington - Knight Music: George Wallington Plays 5 Originals And 6 Standards|1956|/master/538759-George-Wallington-Knight-Music-George-Wallington-Plays-5-Originals-And-6-Standards|https://i.discogs.com/I7kbZA8FuzDuEnntQxZlQBNhq3GIUXow3kGo9oyOrG0/rs:fit/g:sm/q:40/h:150/w:150/czM6Ly9kaXNjb2dz/LWRhdGFiYXNlLWlt/YWdlcy9SLTQ0MjYw/MjktMTM2NDU1OTUw/Mi04MzY1LmpwZWc.jpeg|https://i.discogs.com/f3aHx4Rh8ZFlw0xy6tdqZucYuiDcLtrKA0Riw3tenr4/rs:fit/g:sm/q:90/h:225/w:224/czM6Ly9kaXNjb2dz/LWRhdGFiYXNlLWlt/YWdlcy9SLTQ0MjYw/MjktMTM2NDU1OTUw/Mi04MzY1LmpwZWc.jpeg|ok
337387|Charlie Parker - K. C. Blues|1971|/Charlie-Parker-K-C-Blues/master/337387|https://i.discogs.com/SFyR5GMfUzntxU3CZdnR08tCWRyPlTF58FBJYLqKF2U/rs:fit/g:sm/q:40/h:150/w:150/czM6Ly9kaXNjb2dz/LWRhdGFiYXNlLWlt/YWdlcy9SLTMzNjM0/NTQtMTMyNzQ0MDgw/OS5qcGVn.jpeg|https://i.discogs.com/lEVP4ymcMOKE2ZeBpgFcXUSFM_fxap68Jbdi8-QIoHw/rs:fit/g:sm/q:90/h:491/w:484/czM6Ly9kaXNjb2dz/LWRhdGFiYXNlLWlt/YWdlcy9SLTMzNjM0/NTQtMTMyNzQ0MDgw/OS5qcGVn.jpeg|compilation
631400|Kai Winding And J. J. Johnson* - An Afternoon At Birdland|1956|/Kai-Winding-And-J-J-Johnson-An-Afternoon-At-Birdland/master/631400|https://i.discogs.com/R_L554OeCCmn2urbH7I7kIKm2CMm8Ta430TRBUp7uyM/rs:fit/g:sm/q:40/h:150/w:150/czM6Ly9kaXNjb2dz/LWRhdGFiYXNlLWlt/YWdlcy9SLTUxNTAz/NjMtMTUzNTMyMDEx/Mi04MDY0LmpwZWc.jpeg|https://i.discogs.com/HfeBavyQUneebPd_zobohRMBuW0G1TZ7eKx6XK5t9Qs/rs:fit/g:sm/q:90/h:588/w:600/czM6Ly9kaXNjb2dz/LWRhdGFiYXNlLWlt/YWdlcy9SLTUxNTAz/NjMtMTUzNTMyMDEx/Mi04MDY0LmpwZWc.jpeg|ok
802463|Charlie Parker - Apartment Jam Sessions|1977|/master/802463-Charlie-Parker-Apartment-Jam-Sessions|https://i.discogs.com/qdxs2A5v8D_8K5vXmsaS-FReT3aOC3uqeS7EnjJVdlc/rs:fit/g:sm/q:40/h:150/w:150/czM6Ly9kaXNjb2dz/LWRhdGFiYXNlLWlt/YWdlcy9SLTQ3NjI0/NTItMTM3NDY5NzYx/MC00NDAyLmpwZWc.jpeg|https://i.discogs.com/2UQeYjlWuRz14zrjU-S4rDsq5pnLyHxoo2oG6S3VY0g/rs:fit/g:sm/q:90/h:500/w:500/czM6Ly9kaXNjb2dz/LWRhdGFiYXNlLWlt/YWdlcy9SLTQ3NjI0/NTItMTM3NDY5NzYx/MC00NDAyLmpwZWc.jpeg|ok
653176|Bud Powell - This Was Bud Powell|1966|/master/653176-Bud-Powell-This-Was-Bud-Powell|https://i.discogs.com/LlJYqAm1mQ2H4FmpKEqEf9Wp63NhpSsf39T2bvQfPe0/rs:fit/g:sm/q:40/h:150/w:150/czM6Ly9kaXNjb2dz/LWRhdGFiYXNlLWlt/YWdlcy9SLTI0Mjkw/OTYtMTI4MzU1MjMy/Mi5qcGVn.jpeg|https://i.discogs.com/gFEqcZiVEpljfCOpdp9TgGzVfe34y1dSH7nrv7uJjMM/rs:fit/g:sm/q:90/h:465/w:467/czM6Ly9kaXNjb2dz/LWRhdGFiYXNlLWlt/YWdlcy9SLTI0Mjkw/OTYtMTI4MzU1MjMy/Mi5qcGVn.jpeg|compilation
932852|Cecil Payne, Phil Woods, Frank Socolow, Wendell Marshall, Art Taylor, Duke Jordan - A Night At The Five Spot|1957|/master/932852-Cecil-Payne-Phil-Woods-Frank-Socolow-Wendell-Marshall-Art-Taylor-Duke-Jordan-A-Night-At-The-Five-Spo|https://i.discogs.com/wGzG6gFD2oocBRZiH347y1WCFEQ_fH1qMrq6YSSKa6Q/rs:fit/g:sm/q:40/h:150/w:150/czM6Ly9kaXNjb2dz/LWRhdGFiYXNlLWlt/YWdlcy9SLTgwMzAw/NzktMTQ1Mzc5MTI2/MC0xNDEyLmpwZWc.jpeg|https://i.discogs.com/gstLyktlayHWcX23wDfG9zMaZQBVzhF1vP-y6rmq_6U/rs:fit/g:sm/q:90/h:587/w:600/czM6Ly9kaXNjb2dz/LWRhdGFiYXNlLWlt/YWdlcy9SLTgwMzAw/NzktMTQ1Mzc5MTI2/MC0xNDEyLmpwZWc.jpeg|ok
553060|Bud Powell - The Best Of Bud Powell|1989|/master/553060-Bud-Powell-The-Best-Of-Bud-Powell|https://i.discogs.com/qIHyJRoK5F9bK1ebXxgc1p40mWh5W-nOUsZSSXcXjlU/rs:fit/g:sm/q:40/h:150/w:150/czM6Ly9kaXNjb2dz/LWRhdGFiYXNlLWlt/YWdlcy9SLTYxNjc4/OC0xNjAxNDc1NjA1/LTE0NzAuanBlZw.jpeg|https://i.discogs.com/hCLJU7z0uIAxcOZSI30alWk22ZfnrM-jyYQxWGzxVSM/rs:fit/g:sm/q:90/h:604/w:600/czM6Ly9kaXNjb2dz/LWRhdGFiYXNlLWlt/YWdlcy9SLTYxNjc4/OC0xNjAxNDc1NjA1/LTE0NzAuanBlZw.jpeg|compilation
749467|Bill Harris - Bill Harris And Friends|1957|/Bill-Harris-Bill-Harris-And-Friends/master/749467|https://i.discogs.com/RxzcouIyhjqdxM2UOcb4FIkxYS9kKy4QACfpZI1xyBM/rs:fit/g:sm/q:40/h:150/w:150/czM6Ly9kaXNjb2dz/LWRhdGFiYXNlLWlt/YWdlcy9SLTEzNzk2/MTEyLTE1NjEzMTM0/NTItNjQyNS5qcGVn.jpeg|https://i.discogs.com/KyX0JQ01qKt-qgvfBFFwOlTQ2Q57Q_nUF7i4IpyorYw/rs:fit/g:sm/q:90/h:594/w:600/czM6Ly9kaXNjb2dz/LWRhdGFiYXNlLWlt/YWdlcy9SLTEzNzk2/MTEyLTE1NjEzMTM0/NTItNjQyNS5qcGVn.jpeg|ok
1455250|John Coltrane - Eight Classic Albums|2010|/master/1455250-John-Coltrane-Eight-Classic-Albums|https://i.discogs.com/RwvCl9rOfznMqEJzSbzi1OQPFJ8XRLttRGcbgvnfh4A/rs:fit/g:sm/q:40/h:150/w:150/czM6Ly9kaXNjb2dz/LWRhdGFiYXNlLWlt/YWdlcy9SLTEyODAz/MDk4LTE1NDIyNDM4/NDEtNzEyMi5qcGVn.jpeg|https://i.discogs.com/dJq1hTPKFOmx6K80kMOSUl55O3SHQLkh2f340nNp-Sg/rs:fit/g:sm/q:90/h:535/w:600/czM6Ly9kaXNjb2dz/LWRhdGFiYXNlLWlt/YWdlcy9SLTEyODAz/MDk4LTE1NDIyNDM4/NDEtNzEyMi5qcGVn.jpeg|compilation
519136|Eddie "Lockjaw" Davis - The Cookbook |1974|/Eddie-Lockjaw-Davis-The-Cookbook-/master/519136|https://i.discogs.com/qC6PeE64FmRfG-mUeCTfXY2p4pw9YJEgu162h3dBfR8/rs:fit/g:sm/q:40/h:150/w:150/czM6Ly9kaXNjb2dz/LWRhdGFiYXNlLWlt/YWdlcy9SLTQyNTg1/MDEtMTM1OTkzMzQy/Mi04MDgzLmpwZWc.jpeg|https://i.discogs.com/la2ilf_sIR6Lxajv_Etk4f1EEdUgWqeeO7cCdhwYNio/rs:fit/g:sm/q:90/h:473/w:450/czM6Ly9kaXNjb2dz/LWRhdGFiYXNlLWlt/YWdlcy9SLTQyNTg1/MDEtMTM1OTkzMzQy/Mi04MDgzLmpwZWc.jpeg|compilation
349106|Gene Ammons - Juganthology|1974|/Gene-Ammons-Juganthology/master/349106|https://i.discogs.com/drDP-9OjYV9N8EyOQySsau9EXSPI7jFmcs84byUuQ9I/rs:fit/g:sm/q:40/h:150/w:150/czM6Ly9kaXNjb2dz/LWRhdGFiYXNlLWlt/YWdlcy9SLTI5Mjk5/MDYtMTMwOTYyOTAy/OS5qcGVn.jpeg|https://i.discogs.com/yihIRMxt7SC7JbUT6qUUxLFjF_0m1OTT21vvKyHvbI0/rs:fit/g:sm/q:90/h:450/w:448/czM6Ly9kaXNjb2dz/LWRhdGFiYXNlLWlt/YWdlcy9SLTI5Mjk5/MDYtMTMwOTYyOTAy/OS5qcGVn.jpeg|compilation
367227|Illinois Jacquet - How High The Moon|1975|/Illinois-Jacquet-How-High-The-Moon/master/367227|https://i.discogs.com/n5wJxu24ekPJbCiQ4YHc3GFnrymYGo2nRsT51LhWH_0/rs:fit/g:sm/q:40/h:150/w:150/czM6Ly9kaXNjb2dz/LWRhdGFiYXNlLWlt/YWdlcy9SLTI3ODE0/NzgtMTMwMDgwNTE0/Mi5qcGVn.jpeg|https://i.discogs.com/SLMgpojGtyeX5WyPtmBXNh7PTeH7tJ5gAbiCdWDFpXs/rs:fit/g:sm/q:90/h:600/w:600/czM6Ly9kaXNjb2dz/LWRhdGFiYXNlLWlt/YWdlcy9SLTI3ODE0/NzgtMTMwMDgwNTE0/Mi5qcGVn.jpeg|compilation
611598|Charlie Parker - Charlie Parker Memorial Volume Two|1963|/master/611598-Charlie-Parker-Charlie-Parker-Memorial-Volume-Two|https://i.discogs.com/gYHL21M6UcAFPdhti9hKLON9uM-_Mnb44K1nQ7jr_Lo/rs:fit/g:sm/q:40/h:150/w:150/czM6Ly9kaXNjb2dz/LWRhdGFiYXNlLWlt/YWdlcy9SLTQ3MDA0/MTItMTM3MjY4MTgw/Ny0yOTk3LmpwZWc.jpeg|https://i.discogs.com/WnBt5cIFBHDfp3jvRQdkWP2FYE6KQk8yD5IuGcrFxoM/rs:fit/g:sm/q:90/h:300/w:300/czM6Ly9kaXNjb2dz/LWRhdGFiYXNlLWlt/YWdlcy9SLTQ3MDA0/MTItMTM3MjY4MTgw/Ny0yOTk3LmpwZWc.jpeg|compilation
821804|Duke Jordan Trio - Lover Man|1979|/master/821804-Duke-Jordan-Trio-Lover-Man|https://i.discogs.com/oFg2H0uPdexKuVXzXhkn3Q2OH2PQV6uumwUT3hgCe0o/rs:fit/g:sm/q:40/h:150/w:150/czM6Ly9kaXNjb2dz/LWRhdGFiYXNlLWlt/YWdlcy9SLTU5MTE0/ODQtMTQwNjExMjUw/Mi0yMjk0LmpwZWc.jpeg|https://i.discogs.com/cXqRyYXk_ghGs6ni2OQi24jJ0DGllXsNTbN2LScboPU/rs:fit/g:sm/q:90/h:319/w:318/czM6Ly9kaXNjb2dz/LWRhdGFiYXNlLWlt/YWdlcy9SLTU5MTE0/ODQtMTQwNjExMjUw/Mi0yMjk0LmpwZWc.jpeg|ok
628980|Joe Castro - Groove Funk Soul|1960|/master/628980-Joe-Castro-Groove-Funk-Soul|https://i.discogs.com/9CjyNtvQUIUacJZkmSxhCjPooYpo0PWe_cyKFdRLqB8/rs:fit/g:sm/q:40/h:150/w:150/czM6Ly9kaXNjb2dz/LWRhdGFiYXNlLWlt/YWdlcy9SLTIzNTU1/NjItMTM4NjYxOTk2/Mi01MDg1LmpwZWc.jpeg|https://i.discogs.com/NWVCP1d8xqPdtY_m1uxFF-VS7N5M5wqmeX7Lua4A2-s/rs:fit/g:sm/q:90/h:596/w:600/czM6Ly9kaXNjb2dz/LWRhdGFiYXNlLWlt/YWdlcy9SLTIzNTU1/NjItMTM4NjYxOTk2/Mi01MDg1LmpwZWc.jpeg|ok
715492|Ronnie Scott And The Band - Live At Ronnie Scott's|1968|/master/715492-Ronnie-Scott-And-The-Band-Live-At-Ronnie-Scotts|https://i.discogs.com/YzP19OyX2YtKhOjCQTDK8VIcWXG2oOPR6dTUaA7zjLI/rs:fit/g:sm/q:40/h:150/w:150/czM6Ly9kaXNjb2dz/LWRhdGFiYXNlLWlt/YWdlcy9SLTQ5NTI4/NS0xMTIzMzU2NzY5/LmpwZw.jpeg|https://i.discogs.com/EOw_MLumlIAMUpfbj79zl2tZ1aQ2LO9aGuTHg0VHg3Q/rs:fit/g:sm/q:90/h:150/w:150/czM6Ly9kaXNjb2dz/LWRhdGFiYXNlLWlt/YWdlcy9SLTQ5NTI4/NS0xMTIzMzU2NzY5/LmpwZw.jpeg|ok
649017|Joe Pass - Summer Nights|1990|/master/649017-Joe-Pass-Summer-Nights|https://i.discogs.com/lITuJ5TFyjNCgMATk5KoHRq1_q-P_cwBfcNaBlUGiaY/rs:fit/g:sm/q:40/h:150/w:150/czM6Ly9kaXNjb2dz/LWRhdGFiYXNlLWlt/YWdlcy9SLTc4MjU4/Ni0xNDcyNTA4NzAz/LTg3NTcuanBlZw.jpeg|https://i.discogs.com/vTgPDBOzwX0EBDcWVkdZHRViYtGXSkqLzE9qP_kIP4k/rs:fit/g:sm/q:90/h:597/w:600/czM6Ly9kaXNjb2dz/LWRhdGFiYXNlLWlt/YWdlcy9SLTc4MjU4/Ni0xNDcyNTA4NzAz/LTg3NTcuanBlZw.jpeg|ok
692231|Phil Woods Quintet* - Gratitude|1986|/master/692231-Phil-Woods-Quintet-Gratitude|https://i.discogs.com/jTA-AbP0bzyB0BhpF8APxfqzstkzD1z8bK1XRvl2qFs/rs:fit/g:sm/q:40/h:150/w:150/czM6Ly9kaXNjb2dz/LWRhdGFiYXNlLWlt/YWdlcy9SLTU3MzYx/NTctMTQwMTI0OTUz/Ni05MTU1LmpwZWc.jpeg|https://i.discogs.com/BoeUmHtQRLWwhrAY10tvF9x8NVZbOWJC0klDsfr-5Uo/rs:fit/g:sm/q:90/h:600/w:595/czM6Ly9kaXNjb2dz/LWRhdGFiYXNlLWlt/YWdlcy9SLTU3MzYx/NTctMTQwMTI0OTUz/Ni05MTU1LmpwZWc.jpeg|ok
534637|Various - BeBop Spoken Here|2000|/master/534637-Various-BeBop-Spoken-Here|https://i.discogs.com/6WN53UbhB4hXQZ4zXm2bdAJHqu1NEY-fPwyt25-sV4E/rs:fit/g:sm/q:40/h:150/w:150/czM6Ly9kaXNjb2dz/LWRhdGFiYXNlLWlt/YWdlcy9SLTQyNjEz/MzMtMTM2MDU4Mjc4/MS0yMjEzLmpwZWc.jpeg|https://i.discogs.com/prECw0usyGq0huNurNhfQDrb_jN1Y9kk8nlj4anqhQk/rs:fit/g:sm/q:90/h:529/w:600/czM6Ly9kaXNjb2dz/LWRhdGFiYXNlLWlt/YWdlcy9SLTQyNjEz/MzMtMTM2MDU4Mjc4/MS0yMjEzLmpwZWc.jpeg|compilation
896488|Frank Wess, Frank Foster, Henry Coker, Benny Powell, Kenny Burrell, Eddie Jones, Kenny Clarke - North, South, East.....Wess|1956|/master/896488-Frank-Wess-Frank-Foster-Henry-Coker-Benny-Powell-Kenny-Burrell-Eddie-Jones-Kenny-Clarke-North-South-|https://i.discogs.com/LSzDHYOWxvD996LY1M0MqVbwF_NLJyoo4Y-Lp-ks8ps/rs:fit/g:sm/q:40/h:150/w:150/czM6Ly9kaXNjb2dz/LWRhdGFiYXNlLWlt/YWdlcy9SLTcxNDMz/ODQtMTQzNDY4ODk0/OS00ODkzLmpwZWc.jpeg|https://i.discogs.com/IMUhqZlcoIuzI1a-MDbeRehTvS72ikrBFPfJQrytmjg/rs:fit/g:sm/q:90/h:576/w:600/czM6Ly9kaXNjb2dz/LWRhdGFiYXNlLWlt/YWdlcy9SLTcxNDMz/ODQtMTQzNDY4ODk0/OS00ODkzLmpwZWc.jpeg|ok
512651|Various - Jazz At The Philharmonic In Europe|1963|/master/512651-Various-Jazz-At-The-Philharmonic-In-Europe|https://i.discogs.com/panAdPy3KmcPP3F4M9xQktqURTu3IdzLX0lWyjaGULo/rs:fit/g:sm/q:40/h:150/w:150/czM6Ly9kaXNjb2dz/LWRhdGFiYXNlLWlt/YWdlcy9SLTQxMTYx/OTctMTUyMjg5NDky/MC00MDUzLmpwZWc.jpeg|https://i.discogs.com/eZWyuDaLWvhFwJmBsCn_hoCybvLFtVc8Pqs8hb7pOZk/rs:fit/g:sm/q:90/h:600/w:600/czM6Ly9kaXNjb2dz/LWRhdGFiYXNlLWlt/YWdlcy9SLTQxMTYx/OTctMTUyMjg5NDky/MC00MDUzLmpwZWc.jpeg|ok
142702|Clark Terry - Everything's Mellow|1961|/master/142702-Clark-Terry-Everythings-Mellow|https://i.discogs.com/SO49ZebnUQiDJgbamoOyxtUjFvyLh0CRlW4N508qa2o/rs:fit/g:sm/q:40/h:150/w:150/czM6Ly9kaXNjb2dz/LWRhdGFiYXNlLWlt/YWdlcy9SLTcxNjYw/MzItMTQzNTE4OTIy/MS04NDYzLmpwZWc.jpeg|https://i.discogs.com/9bPzcunXJoQSQ2HyZE-tvYfIQ1IFkO6Yg_RwygbN_bA/rs:fit/g:sm/q:90/h:400/w:395/czM6Ly9kaXNjb2dz/LWRhdGFiYXNlLWlt/YWdlcy9SLTcxNjYw/MzItMTQzNTE4OTIy/MS04NDYzLmpwZWc.jpeg|ok
606684|Thelonious Monk Quartet* / Martial Solal Trio - Live In Berlin 1961 /  Live In Essen 1959|2012|/master/606684-Thelonious-Monk-Quartet-Martial-Solal-Trio-Live-In-Berlin-1961-Live-In-Essen-1959|https://i.discogs.com/7RwqM7yfCTp1oSIoccQMgLy7UmJTbzqSdKEmWeSjTzc/rs:fit/g:sm/q:40/h:150/w:150/czM6Ly9kaXNjb2dz/LWRhdGFiYXNlLWlt/YWdlcy9SLTQ5ODMx/NjMtMTM4MTMyMTA4/Mi0zMjU4LmpwZWc.jpeg|https://i.discogs.com/YIqpYgDSCkSWLNBCTRHV3lsBCiyTvb_-i7kJqVdOIR0/rs:fit/g:sm/q:90/h:350/w:400/czM6Ly9kaXNjb2dz/LWRhdGFiYXNlLWlt/YWdlcy9SLTQ5ODMx/NjMtMTM4MTMyMTA4/Mi0zMjU4LmpwZWc.jpeg|no-credit
1114718|Bobby Jones (2) - Arrival Of Bobby Jones|1972|/Bobby-Jones-Arrival-Of-Bobby-Jones/master/1114718|https://i.discogs.com/_VVF_1RUUFotcwkWsptnGFq5hTx_EtGNXPytwhUCOUs/rs:fit/g:sm/q:40/h:150/w:150/czM6Ly9kaXNjb2dz/LWRhdGFiYXNlLWlt/YWdlcy9SLTMyODM1/NjYtMTM1MjE0NDYy/OC00NTg3LmpwZWc.jpeg|https://i.discogs.com/PC4_egZL0_pMiJfhl1LclkDASiGRqFfKWz0MIipiasw/rs:fit/g:sm/q:90/h:360/w:360/czM6Ly9kaXNjb2dz/LWRhdGFiYXNlLWlt/YWdlcy9SLTMyODM1/NjYtMTM1MjE0NDYy/OC00NTg3LmpwZWc.jpeg|ok
355922|The Thelonious Monk Quartet - Monk In Tokyo|1969|/master/355922-The-Thelonious-Monk-Quartet-Monk-In-Tokyo|https://i.discogs.com/aCP8Ss0j5B0oBtK1dSelzQulm8dy8AeEp1B_K8obpGQ/rs:fit/g:sm/q:40/h:150/w:150/czM6Ly9kaXNjb2dz/LWRhdGFiYXNlLWlt/YWdlcy9SLTQwMDc4/NDEtMTQxNTEwMTI3/Ny04MDAyLmpwZWc.jpeg|https://i.discogs.com/5sX7eNGBYMjswgd12jA5LscvvgGAMCb5Ji8SQ408wG0/rs:fit/g:sm/q:90/h:498/w:500/czM6Ly9kaXNjb2dz/LWRhdGFiYXNlLWlt/YWdlcy9SLTQwMDc4/NDEtMTQxNTEwMTI3/Ny04MDAyLmpwZWc.jpeg|ok
615005|Johnny Griffin / Eddie "Lockjaw" Davis - The Toughest Tenors|1976|/Johnny-Griffin-Eddie-Lockjaw-Davis-The-Toughest-Tenors/master/615005|https://i.discogs.com/FFSapxVhPbK7u3IwqRk2yb8UrIxQwvy3pdpQcuQ6WdU/rs:fit/g:sm/q:40/h:150/w:150/czM6Ly9kaXNjb2dz/LWRhdGFiYXNlLWlt/YWdlcy9SLTIzOTg5/MzUtMTI4MTgxNDgy/Mi5qcGVn.jpeg|https://i.discogs.com/VpRNDZDP_16_dj9r4L8QtJubRv5xIPd9FH4daP1E5e8/rs:fit/g:sm/q:90/h:600/w:600/czM6Ly9kaXNjb2dz/LWRhdGFiYXNlLWlt/YWdlcy9SLTIzOTg5/MzUtMTI4MTgxNDgy/Mi5qcGVn.jpeg|compilation
1129855|Lester Young - Pres And His Cabinet|1966|/Lester-Young-Pres-And-His-Cabinet/master/1129855|https://i.discogs.com/qp4fBz5QskhOyLCPLaMJFnnaV5MDbHc6KoZrBGwrz_Y/rs:fit/g:sm/q:40/h:150/w:150/czM6Ly9kaXNjb2dz/LWRhdGFiYXNlLWlt/YWdlcy9SLTQ2OTk2/NDItMTM3MjY0ODI1/Ny04MzcyLmpwZWc.jpeg|https://i.discogs.com/8VGmls41TnRXv9d_r3cJS-PyUS130EQYuVb8xeHsGEk/rs:fit/g:sm/q:90/h:493/w:500/czM6Ly9kaXNjb2dz/LWRhdGFiYXNlLWlt/YWdlcy9SLTQ2OTk2/NDItMTM3MjY0ODI1/Ny04MzcyLmpwZWc.jpeg|compilation
582810|René Thomas - The Real Cat|2000|/Ren%C3%A9-Thomas-The-Real-Cat/master/582810|https://i.discogs.com/cdeyH7CwbyGhZIQgpUICir6L_8CB3DN7xiWGabPUzLQ/rs:fit/g:sm/q:40/h:150/w:150/czM6Ly9kaXNjb2dz/LWRhdGFiYXNlLWlt/YWdlcy9SLTk1MTA3/OS0xMTc2NTQyMDc1/LmpwZWc.jpeg|https://i.discogs.com/TGME6jCvpwGNCPfOkFSqVl6k_TPsAKc7Y7ALO3lcmbU/rs:fit/g:sm/q:90/h:347/w:353/czM6Ly9kaXNjb2dz/LWRhdGFiYXNlLWlt/YWdlcy9SLTk1MTA3/OS0xMTc2NTQyMDc1/LmpwZWc.jpeg|compilation
769289|The Jazz Renegades - Freedom Samba|1989|/The-Jazz-Renegades-Freedom-Samba/master/769289|https://i.discogs.com/Qk5AQSGbSRMLc3oZdhelmNWfXm8Yj-WAeJDXaA8q-pw/rs:fit/g:sm/q:40/h:150/w:150/czM6Ly9kaXNjb2dz/LWRhdGFiYXNlLWlt/YWdlcy9SLTY0MDM0/OTMtMTQxODM5MTc1/OC0zNjAzLmpwZWc.jpeg|https://i.discogs.com/DmIS4wo0v9GL9bG2uLhyQVMEPqGq3nIcl8lI0umuocg/rs:fit/g:sm/q:90/h:599/w:600/czM6Ly9kaXNjb2dz/LWRhdGFiYXNlLWlt/YWdlcy9SLTY0MDM0/OTMtMTQxODM5MTc1/OC0zNjAzLmpwZWc.jpeg|ok
1333271|Jazz At The Philharmonic - Norman Granz Presents "Jazz At The Philharmonic" In Europe|1963|/master/1333271-Jazz-At-The-Philharmonic-Norman-Granz-Presents-Jazz-At-The-Philharmonic-In-Europe|https://i.discogs.com/r2VEtvMwmXuW7TgSM7omlQWEjOtbONFzIql5VSze0Ro/rs:fit/g:sm/q:40/h:150/w:150/czM6Ly9kaXNjb2dz/LWRhdGFiYXNlLWlt/YWdlcy9SLTExMjQ0/MjYzLTE1NjYyMjY4/NDAtNTU3Ni5qcGVn.jpeg|https://i.discogs.com/AANYs1tyWjN02hN9mOz0CQq82UGQXJKjw9MOdrY8DVU/rs:fit/g:sm/q:90/h:600/w:600/czM6Ly9kaXNjb2dz/LWRhdGFiYXNlLWlt/YWdlcy9SLTExMjQ0/MjYzLTE1NjYyMjY4/NDAtNTU3Ni5qcGVn.jpeg|ok
781894|Oscar Peterson - Ultimate Oscar Peterson|1998|/master/781894-Oscar-Peterson-Ultimate-Oscar-Peterson|https://i.discogs.com/7qUsBB-hMoEP3B1Fd1f1dU51ysD0LnoIUea7qWPaIZo/rs:fit/g:sm/q:40/h:150/w:150/czM6Ly9kaXNjb2dz/LWRhdGFiYXNlLWlt/YWdlcy9SLTM2NzI1/NDUtMTMzOTc3OTgw/MC00NTc0LmpwZWc.jpeg|https://i.discogs.com/NU22E1wmBMPXOb8CJ2pgDTMRzMVa0ueAaskuhM3HHm0/rs:fit/g:sm/q:90/h:580/w:598/czM6Ly9kaXNjb2dz/LWRhdGFiYXNlLWlt/YWdlcy9SLTM2NzI1/NDUtMTMzOTc3OTgw/MC00NTc0LmpwZWc.jpeg|compilation
896481|Lou Donaldson - Clifford Brown - New Faces – New Sounds|1953|/Lou-Donaldson-Clifford-Brown-New-Faces-New-Sounds/master/896481|https://i.discogs.com/WSm-JdPWSyiT19G8z3LNfTZmf9lFWD7bPOEV194fMZY/rs:fit/g:sm/q:40/h:150/w:150/czM6Ly9kaXNjb2dz/LWRhdGFiYXNlLWlt/YWdlcy9SLTQzOTkz/OTEtMTM2Mzg2MzYy/MS0zMTc5LmpwZWc.jpeg|https://i.discogs.com/0GZ_N9--dk3PJWMzeKsnUJzDynJNDmwe-6VmSnbCHB0/rs:fit/g:sm/q:90/h:599/w:600/czM6Ly9kaXNjb2dz/LWRhdGFiYXNlLWlt/YWdlcy9SLTQzOTkz/OTEtMTM2Mzg2MzYy/MS0zMTc5LmpwZWc.jpeg|ok
618301|Barry Harris Trio - Vicissitudes|1975|/Barry-Harris-Trio-Vicissitudes/master/618301|https://i.discogs.com/IIpDHtKon6ouliK11Z4B2KQkHWRCUzzgCOo6WcA6cjw/rs:fit/g:sm/q:40/h:150/w:150/czM6Ly9kaXNjb2dz/LWRhdGFiYXNlLWlt/YWdlcy9SLTQ4OTMz/MzgtMTQwNjgzNTYz/OC00MzI2LmpwZWc.jpeg|https://i.discogs.com/c5kcjEarlpm0VX9oQoUZZR7UzsFpe0c95TgxctFpJxg/rs:fit/g:sm/q:90/h:587/w:600/czM6Ly9kaXNjb2dz/LWRhdGFiYXNlLWlt/YWdlcy9SLTQ4OTMz/MzgtMTQwNjgzNTYz/OC00MzI2LmpwZWc.jpeg|ok
1113093|George Shearing Trio - George Shearing Selection|1951|/master/1113093-George-Shearing-Trio-George-Shearing-Selection|https://i.discogs.com/gGiOVAZzCvp-Ktcq0hPrfp195dzkziOxs2YExB9vYG0/rs:fit/g:sm/q:40/h:150/w:150/czM6Ly9kaXNjb2dz/LWRhdGFiYXNlLWlt/YWdlcy9SLTgwMzQz/NDktMTQ1Mzg3NDA2/OC02Njg5LmpwZWc.jpeg|https://i.discogs.com/MR4FtPeCpdVglOkHjQdPppGa2cRfh3c73aELrq0iXIg/rs:fit/g:sm/q:90/h:586/w:600/czM6Ly9kaXNjb2dz/LWRhdGFiYXNlLWlt/YWdlcy9SLTgwMzQz/NDktMTQ1Mzg3NDA2/OC02Njg5LmpwZWc.jpeg|ok
2192899|NHØP* - This Is All I Ask|1998|/master/2192899-NH%C3%98P-This-Is-All-I-Ask|https://i.discogs.com/0sIaGzdpouqzuux5Mh0bZM5taaQ8g-IbHwe-BnJUW3g/rs:fit/g:sm/q:40/h:150/w:150/czM6Ly9kaXNjb2dz/LWRhdGFiYXNlLWlt/YWdlcy9SLTE5MzI1/MDkyLTE2MjUwNTI4/NzEtNDQzNS5qcGVn.jpeg|https://i.discogs.com/xint2KRAFehLN1y-zyr5dgoCJO-pMjW6bWvr77cars4/rs:fit/g:sm/q:90/h:597/w:600/czM6Ly9kaXNjb2dz/LWRhdGFiYXNlLWlt/YWdlcy9SLTE5MzI1/MDkyLTE2MjUwNTI4/NzEtNDQzNS5qcGVn.jpeg|ok
629909|Dizzy Gillespie And His Orchestra - Salt Peanuts / I Waited For You / Emanon / A Hand Full Of Gimme|undefined|/master/629909-Dizzy-Gillespie-And-His-Orchestra-Salt-Peanuts-I-Waited-For-You-Emanon-A-Hand-Full-Of-Gimme|https://i.discogs.com/hX2VVBaacTpwYwWpF0VQnrINMMt9TrWs4K8THVbPH3s/rs:fit/g:sm/q:40/h:150/w:150/czM6Ly9kaXNjb2dz/LWRhdGFiYXNlLWlt/YWdlcy9SLTIwMTc0/NTYtMTYwNjExMzU0/OC04NTE3LmpwZWc.jpeg|https://i.discogs.com/feQdW7TbS0ILhGL6CXZaSWCAanu4W37Texz6kHEC7lg/rs:fit/g:sm/q:90/h:549/w:551/czM6Ly9kaXNjb2dz/LWRhdGFiYXNlLWlt/YWdlcy9SLTIwMTc0/NTYtMTYwNjExMzU0/OC04NTE3LmpwZWc.jpeg|ok
